eng,jap
pursue,追及する、遂行する、続行する
inform,知らせる、告げる、影響を与える
anyway,とにかく
degree,（大学の）学位、程度
benefit,利益を得る／特典、福利厚生
replace,を取り替える
infer,推察する、考える
following,に続いて／次の、以下の
accomplish,成し遂げる、完遂する、達成する
reinforce,強化する
demand,要求する、請求する
refer,参照する、言及する、（人を）紹介する
booking,（ホテルや乗り物の）予約
assemble,組み立てる、集める
despite,にもかかわらず
cause,引き起こす、もたらす／原因
available,入手できる、利用できる、購入できる、
commercial,商業の、商業的な
occupy,占有する
compare,比較する、比べる、例える
inquire,尋ねる、問い合わせる
department,部門、売り場
describe,説明する、描写する
a couple of ,２、３の
remove,取り除く
conference,会議、学会
decision,決定、決定事項
introduce,紹介する、導入する
reject,却下する、拒否する
destroy,破壊する
according to,によると、に従って
income,収入、収益
empty,空にする
entertain,もてなす、楽しませる
likely,おそらく／しそうだ
establish,を設立する、制定する
star,主演する、呼び物にする
secure,を確保する、固定する／安全な
state,述べる、言う
equipment,機器、装備
basis,ベース、基準、根拠
suffer,被る、受ける
environmental,環境の
apologize,おわびをする、謝罪する
provide,提供する
browse,見て回る、拾い読みする
tradition,伝統、しきたり
satisfy,満足させる
local,地元の／地元の人
facility,施設、設備
take part in,参加する、出場する
institute,制定する、始める
resume,再開する
opening,空き、開店、就職口
notify,知らせる
maintain,維持する、メンテナンスする
host,主催する、接待する
construction,建設
notice,お知らせ／に気づく
instruct,指示する、教える
deliver,（商品など）を届ける
participate,参加する、関与する
tour,見学する、旅行する／見学、旅行
subscribe,購読する、加入する
correct,修正する、訂正する
merchandise,商品
loosen,ゆるめる
research,研究、調査／研究する、調査する
focus,集中させる、照準を合わせる
result,結果／（結果的に）生じる
mail,郵送する
attend,出席する、参加する
fine,（天気が）晴れた、素晴らしい
shift,移す、変更する
admiration,感心、称賛
gather,集まる
delivery,配達（物）
availability,手に入ること、利用できること
announce,発表する、知らせる、公表する
set up,設置する
recently,最近
regularly,定期的に
blame,のせいにする、非難する
workforce,全従業員、労働力
require,要求する、義務付ける
indicate,示す
impression,（心に残る）印象
struggle,奮闘する、もがく、苦心する
employee,社員、従業員
fund,資金を与える
additional,付加的な、追加の
shuttle,往復運転で運ぶ
depart,（を）出発する
sweep,掃く、掃除する
review,検討する、論評する／検討、論評
appear,のように見える、現れる
offer,申し出る、提供する
go over ,をじっくりと調べる
load,荷物を積む
production,生産、作品
favor,善意の行為／の方を好む
earn,得る、稼ぐ
fire,解雇する
located,位置して
analyze,を分析する
commute,通勤する
generous,気前のよい、寛大な
import,輸入する
detail,詳細／詳しく述べる
attain,を実現する、達成する
direct,向ける、管理する、監督する
relationship,関係（性）
turn in,提出する、返却する
repair,修理／修理する
recover,取り戻す、回復する
contribution,貢献、寄付金
confess,告白する
increase,増加／増える、増やす
growth,成長、発展
update,更新する、改訂する
quantity,量、分量
regard,みなす、考える
include,含む
cost,費用がかかる（費用）
greet,挨拶する、出迎える
consider,考える、検討する
currently,現在は
activity,活動、アクティビティー
refuse,拒む、断る
subject,科目、（議論などの）題目
assign,割り当てる、配属する
advertising,広告（業）、宣伝（活動）
vacancy,空き室
stop by,立ち寄る
correctly,正しく、正確に
stack,積み重ねる
expect,予期する、予定する
connect,接続する、つなぐ
saving,節約、値引き
water,水をやる
firm,会社
attract,をひきつける、魅了する
pour,注ぐ
profit,利益
lay off,解雇する
client,顧客、クライアント、取引先
attention,注意、留意
feed,食べさせる、餌を与える
present,与える、提示する
annual,年に1度の、毎年恒例の、年間の
introduction,（人の）紹介、（物の）導入
face,（の方を）向く、直面する
skill,技能、スキル
compliment,賛辞を述べる、ほめる
convention,総会、大会
bear,持つ
temporarily,一時的に
preserve,保護する、保存する
forward,転送する、進める
enough,十分な／十分に
vary,変わる
admission,入場、入場料、入場許可
prohibit,禁じる
distribution,流通、配布、分配
affect,影響する、作用する
take care of ,の世話をする
account,占める、説明する／口座・説明
look up,調べる
reimburse,（払ったお金）を払い戻す
involve,（人を）巻き込む、伴う、含む
except,を除いて、を除外して
finance,資金を調達する、融資する
defend,を（攻撃から）守る、（を）防御する
rely on,に依存する、頼る
proportion,比例、（に対する）割合、比率
expand,拡大する
predict,予測する
alter,変更する、作り変える
proof,証拠、証明
seek,捜し求める
seriously,まじめに、深刻に
accompany,添付する、同行する
vehicle,乗り物、車両
stimulate,刺激する
found,設立する、創立する
reference,照会先、照会、参照
fill out,記入する
determination,決意すること、決断力の強さ
regret,残念に思う、悔いる
acquisition,（企業の）買収、獲得
draw,引く、描く
break,休憩、中断、破壊／を壊す
address,話す、対処する
last,続く、待つ
restrict,を制限する
develop,開発する、発達する
expectation,期待、予想
locate,所在を探し当てる
decade,10年、10年間
prepare,準備する
interest,利子、興味／（人）に興味を持たせる
spread,広げる、掛ける
organize,計画する、組織する
efficiency,効率の良さ
encourage,勧める、促す
challenge,（能力を試される）課題、挑戦
catalog,目録を作る、分類する
electricity,電気、電力
enable,可能にする
foreigh,外国の、異質の
broadcast,放送する
transfer,転勤させる、移す
take over,引き継ぐ
publish,出版する
find,気づく、発見する
operate,操作する、運営する
compete,競争する
suspect,だろうと思う、疑う
explore,探索する、調査する
translate,翻訳する
nominate,ノミネートする
chair,議長を務める、司会する
simplify,を単純化する、簡素化する
administrate,運営する
renew,更新する
polish,磨く
place,置く
contact,連絡をとる
branch,支店
lower,下げる、低くする
tie,結ぶ
paid,有給の、支払い済みの
interview,面接する、会見する
observe,観察する
unfortunately,残念なことに、残念ながら
surround,囲む
conserve,保存する、保護する
rent,家賃／賃貸借する
appeal,懇願する、アピールする
entitle,権利を与える
memo,社内文書
take place,行われる
ease,和らげる、容易にする
luggage,旅行かばん、手荷物
distribute,配布する、分配する
impress,感心する、感動する
editor,編集者
paddle,パドルで漕ぐ
remind,再確認する、思い出させる
exhibition,展示会、展示物、展示
leading,首位の、一流の
organization,団体、会社、組織（化）
limited,限られた
procedure,手続き、手順
experienced,経験豊富な
personnel,社員、人事部
author,著作、作者／（本を）書く
directly,直接に、直行して
expert,専門家／専門的な
mainly,主に
suggestion,提案
supplier,納入業者、供給業者
representative,担当者、代表者
packaging,梱包、パッケージ
description,説明、記述、描写
property,不動産、資産
extension,内線、延長
highly,非常に
assistance,支援、援助
laboratory,研究所、実験室
headquarters,本社
device,機器、装置
intended,意図された、向けられた
brochure,パンフレット
response,返答、返事
region,地域
donation,寄付
quarter,四半期
agreement,契約（書）、同意（書）、合意・協定
potential,見込みがある、潜在的な／可能性
warehouse,倉庫
refund,返金／返金する
immediately,すぐに、即座に
council,議会
responsible,担当している、責任がある
avoid,避ける
effrctive,効果的な
invitation,招待（状）
reduce,（値段を）下げる、減らす
efficient,効率的な
manufacturer,メーカー、製造業者
comfortable,快適な、楽な、自信がある
method,方法
entire,全体の
range,範囲
setting,環境
frequent,頻繁な
promotion,昇進、販売促進
traditional,伝統的な、従来の
fit,合う、入る
arrival,到着
familiar,よく知っている、おなじみの
ideal,理想的な
landscaping,造園
occasion,特別な行事、（何かが起こる）時、好機
standard,基準／標準の
background,経歴、背景
guided,ガイド付きの
advanced,進んだ、上級の、高度な
confident,確信している、自信がある
initial,初めの、当初の
separate,分かれた、別々の／分ける
environment,環境
various,さまざまな
brief,短い、短時間の
full-time,常勤の
overall,全体の／全体として
complex,複合施設、集合住宅／複雑な
delighted,とても喜んでいる
honor,称える、（契約等を）守る／名誉
properly,ちゃんと、適切に
electronic,電子の、電子的な
preparation,準備、用意
duty,任務、職務、関税
willing,することを嫌がらない、する気がある
worth,価値がある
overnight,一晩の、翌日配送の／一晩
particularly,特に
aspect,面、局面
involved,関わった
scholarship,奨学金
shortly,じきに、まもなく
automobile,自動車の／自動車
certainly,確かに
possibly,ひょっとすると、もしかすると
sufficient,十分な、満足な
practical,実用的な、実践的な
sales representaive,販売員、営業担当者
medication,薬、医薬
fulfill,満たす、果たす
reflection,熟考、反射
foundation,土台、基礎
governor,知事
practice,習わし、開業、実施
responsibility,（人や物に対する）責任
impressive,印象的な、素晴らしい
coworker,（仕事の）同僚
excessive,過度の、度を越えた
favorable,好都合の、好意的な
label,にラベル［レッテル］を貼る／ラベル
assess,（価値や重要性）を評価する
institution,機関、団体
awareness,意識、気づいていること
pile,積み重ねた山／を積み重ねる
installation,インストール、取り付け
receipt,レシート、領収書
pharmacy,薬局
railing,手すり、ガードレール
transaction,取引
appropriate,適切な、適した
competitive,競争の、他に負けない、競争力がある
fare,運賃、乗車料金
implement,（計画や政策）を実行する
exclusively,限定で、独占的に
recipient,受領者、受取人
affordable,手頃な価格の、入手可能な
hospitality,おもてなし、接待
wheelbarrow,手押し車
guidelines,指針、ガイドライン
tourism,観光事業、観光客
resource,資源
debate,議論、討論
edition,版
minutes,議事録、分
journey,旅行、行程
bargain,お買い得品、取引
generation,世代、代、同時代
completion,完了、完成
board,板、役員会／登場する
savings,貯蓄、節約
kitchenware,台所用品
ceiling,天井
deposit,頭金、保証金／預け入れる
measure,対策、手段
rate,割合、料金
chief,長、上司
output,生産高、産出
asset,財産、強み
alert,警報、警告／知らせる
drawer,引き出し
packet,小包、袋
productivity,生産性
position,位置、地位、職
wing,ウイング、ビルの一角
envelope,封筒
copy,（本・雑誌などの）冊・部、写し
authority,権限、権威、当局
solution,解決策、解決
official,役人、職員
disease,病気
factor,要因、要素
prospect,見通し、可能性
priority,優先順位、重要なこと
tenant,賃借人、入居者
reservation,予約
slope,坂、斜面
agenda,議題、議事日程
evaluation,評価
lack,不足、欠乏
architect,建築家
secretary,秘書
aisle,通路
medicine,薬
workload,仕事量
negotiation,交渉
faucet,蛇口、注ぎ口
appointment,約束、予約
order,順番、注文
checkup,検査、健康診断
content,内容、中身／満足している
anniversary,周年、記念日
automatically,自動的に
destination,目的地、行き先
economic,経済の、経済上の
extremely,きわめて、非常に
accurate,正確な
aware,気付いて
crowded,混雑した
function,機能／機能する
impact,影響
amazing,驚くべき
popularity,人気
permit,許可証／許可する
crop,作物、収穫量
neighborhood,近所、地域
permanent,常設の、常雇用の、永久の
slightly,わずかに、少し
complicated,複雑な
guarantee,保証する／保証
mechanical,機械の
native,出身の／出身の人
occur,起こる、発生する、行われる
findings,（研究・調査の）結果、わかったこと
exact,正確な
closely,蜜に、注意深く
loyal,忠実な
promising,有望な
commission,委託する、委任する／委員会、歩合
committed,熱心に取り組む、献身的な
comparison,比較
evidence,証拠、証明
border,境、境界線
portrait,肖像画
defect,欠陥、欠点
intersection,交差点
bulletin,掲示、公報
caution,注意、警告
goods,商品
exam,試験
mission,使命、任務
participant,参加者、関係者
aim,目標、狙い／目指す、狙う
wage,賃金、給料
investigation,調査
feature,特集、特徴
takeoff,離陸、出発
statement,明細書、声明
field,分野、競技場
audience,聴衆、観客
adjustment,調整、調節
lighthouse,灯台
remark,言葉、コメント、意見
fountain,噴水
improvement,改善、向上
shelf,棚
item,項目、品物
couple,二つ、一対
reception,歓迎会、パーティー、受領
commuter,通勤者
recession,後退
sealed,密封された
acting,代理の、事実上の
primary,主な、本来の
independent,独立した、自主性のある
capable,能力がある、できる
satisfactory,満足な
physical,身体的な、物質的な
domestic,国内の
functional,機能的な、実用的な
rewarding,やりがいのある、実りの多い
out of order,故障して
whole,全体の
protective,保護用の
seated,座った、座らせられた
athletic,運動好きな、運動選手用の
price,価格、値段／に値段をつける
schedule,を予定する／予定、スケジュール
trustworthy,信頼できる、信用できる
superior,優れた、上等の
registration,登録、記名
specification,仕様書
rejection,拒絶、断ること
preference,好み、希望
transact,（取引、業務など）を行う
target,的、目標／を目標にする
customize,カスタマイズする、特別注文に応じて作る
climate,気候
currency,通貨
matter,重要である／（考慮すべき）事柄
rest,残り、休み／休む
landscape,景観、地形
approximately,おおよそ
nervous,緊張した、神経質な
respect,を尊敬する／への尊敬
material,原料、素材
no later than ,遅くとも
publicly,公的に、公然と
expertise,専門知識
regardless of ,にかかわらず
plenty of ,たくさんの
copyright,著作権
statistics,統計
revise,を修正する、改訂する
sustainable,持続可能な、維持できる
participation,参加、加入
credit,（人の）称賛、名声、信用
withdraw,撤収する、下ろす、取り下げる
sort,を分類する／種類
sharp,鋭い、（頭が）さえる
political,政治的な、政治の
take advantage of ,を上手く利用する
in spite of ,にもかかわらず
artifical,人工的な、作り物の
active,活動的な、活発な
allocate,割り当てる
activate,を始動・稼動させる
relocate,移転させる、引っ越す
assembly line,（工場の）組み立てライン
unfortunate,不運な
reasonable,手頃な、妥当な
original,元の、最初の
absent,欠席の、不在の
numerous,たくさんの
grateful,感謝している
total,全部の、総計の
disappointing,期待外れの、がっかりさせるような
rare,まれな、珍しい
spacious,広々とした、ゆったりとした
random,無作為の、任意の
challenging,困難だがやりがいのある、意欲をかきたてる
due,期限の
valued,重要な、高く評価された
slanted,傾斜した、斜めの
broad,広い
distinct,はっきり異なる、独特な
casual,時々の、偶然の、カジュアルな
unlikely,しそうもない、ありそうもない
organized,組織化された、有能な
convenient,都合のよい、便利な
equal,同じ、平等な
luxury,豪華な、ぜいたくな
yearly,年1回の、毎年の
timely,タイミングの良い、タイムリーな
fixed,固定した、一定の
severe,深刻な、厳しい
besed,基づいた
substantial,かなりの、実在する
personal,個人的な
narrow,狭い、細い
patterned,模様のついた
further,さらなる、さらに遠い
promotional,販売促進の
thorough,徹底的な、完璧な
close,近い
prompt,迅速な
minimum,最小限の、最低限の
furnished,家具付きの
fundamental,基本の、基礎の
welcome,歓迎される、自由にしてよい
desirable,望ましい、魅力的な
weekly,週に一度の
stable,安定した
in-house,社内の、内部の
private,少人数の、個人の
effective,効果的な
innovative,革新的な
memorable,記憶に残るような、印象的な
amusing,面白い、楽しい
dependable,信頼できる
select,を選び出す
probability,確率、可能性、見込み
remenber,を覚えている、を思い出す
feel free to ,自由にする
expiration,期限切れ、（契約などの）終了
creative,創造力のある
positive,前向きな、肯定的な
applcation,申し込み、応用
experience,経験／を経験する
qualify,資格を得る、に資格を与える
applicant,志願者、応募者
familiarize,慣らす、習熟させる
outfit,装備する
catering,仕出し、出前、ケータリング
serve as,としての機能を果たす
stem,起因する
neglect,を怠る、放置する
wildlife,野生動物
inclined to,する傾向がある
put off,延期する
precede,先行する
assign,割り当てる、任命する
specify,明記する
complement,合う、補完する
enforce,施行する、実行する
banquet,夕食会、宴会
rinse,すすぐ
audit,会計監査する
keep up with,遅れないようについていく
valid,有効な
upgrade,品質（性能）を良くする／改良
capture,記録する、捉える
fasten,結ぶ、留める
certificate,認定証、修了証
consume,消費する
integrate,統合する
admit,を認める、入院させる
orientation,新入社員向け説明会
house,収容する
compensate,補償する
remodel,改築する
ingredient,（料理の）材料
attend to,対応する
drop off,を（車から）降ろす
look into,吟味する、詳しく調べる
storage,保管、貯蔵
commend,ほめる
commence,始まる
redeen,を回復する、取り戻す、を現金に換える
beverage,飲料
acquire,買収する、得る、獲得する
mount,取り付ける、登る
execute,実行する
prior,前の
dissolve,溶ける
consult,相談する
escort,付き添う、送り届ける
merger,合併、統合
cite,引用する、引き合いに出す、言及する
screen,選別する
inherit,引き継ぐ
inn,宿、ホテル
engage,参加する、従事する
specialize,専門にする
acknowledge,知らせる、認める
equip,備え付ける、装備する
expire,期限が切れる
invert,逆にする
enlarge,拡張する、増築する
lease,賃貸借（契約）／賃貸借する
discontinue,生産や販売の継続を止める
refrain,やめる、差し控える
modify,修正する
defective,欠陥のある、不良の
dispose,処分する
recruit,採用する
interfere,妨害する
quarterly,年に4回の、四半期ごとの／年に4回
convert,改造する、変える
revolve,循環する、展開する
overwhelm,圧倒する
extended,長期の、長時間の
strive,努力する
furnish,備え付ける
take on,引き受ける
sue,を訴える
fold,折りたたむ
absord,吸収する、理解する
resign,辞職する
install,インストールする
condense,濃縮する、要約する、短縮する
attribute,起因すると考えられる、おかげであるとする
recall,思い出す、回収する
impose,課す、負わせる、強制する
grocery,食品雑貨の／食品雑貨
sculpture,彫刻
itinerary,旅程表
directory,名簿、住所録
assume,引き受ける、思い込む、仮定する
withstand,耐える
vendor,業者、露天商、販売店
detect,見つける、検知する
leak,漏れる
inhabit,住む
patron,愛用者、利用者
transmit,伝達する
compose,構成する、組織する
motivate,やる気を与える、動機付けする
concentrate,集中する
clarify,明らかにする、はっきりさせる
tackle,取り組む
payroll,給与、給与管理、賃金台帳
resist,耐性をもつ、抵抗する
retain,保管する、持ち続ける
disrupt,混乱させる
lead to,もたらす
distinguish,区別する
draw up,作成する
questionnaire,アンケート
subsidize,助成金を払う
accumulate,蓄積する、積み上げる
compile,取りまとめる、編集する
strategy,戦略
dispatch,派遣する
conclude,終わる、終える、結論を出す
reverse,逆にする、くつがえす
dedicated,献身的な、専用の、特化した
revitalize,活性化する
undertake,引き受ける
assert,断言する、主張する
exceptional,並外れた、非常に素晴らしい
surpass,超える
diagnosis,診断
sidewalk,歩道
luncheon,昼食会
faculty,教授陣、学部
biography,伝記
obligation,義務
household,家庭用の／家庭
cuisine,料理
conflict,対立、衝突
precaution,予防策、予防措置
circulation,発行部数、流通、（図書館の）貸出
maintenance,管理、維持
digit,桁
projection,予測
relevant,関連した
compensation,報酬、補償
detergent,洗剤
engagement,約束
accommodations,宿泊施設
patent,特許
assortment,詰め合わせ、分類
destruction,破壊、倒壊
flexible,柔軟な、フレキシブルな
recognition,推薦、認識、評価
confines,範囲、制約
blueprint,設計図、青写真
accessible,到達できる、利用できる
moisture,湿気
paycheck,給料支払い小切手
TOEIC800点突破の300語｜レベルA（860点）を攻略する単語一覧politician,政治家
afterwards,その後で
wholesale,卸売りの
inclusive,すべてを含んだ、含めて
generally,おおむね、通常、一般的に
regional,地域の
subsequent,それに続く
costly,費用のかかる、高価な
occupied,（部屋、座席、ベッド等が）使われている
knowledgeable,知識豊富な
confidential,機密の、秘密の
in question,問題になっている
circumstance,状況
abundant,豊富な、十分な
considerate,思いやりがある、理解がある
splendid,素晴らしい
panel,グループ、パネル
doubtful,疑わしい
proficient,堪能な、熟達した
noticeable,容易に気付く
portion,部分、一人分の食事
prospective,見込みのある、将来の
last-minute,間際での
immense,非常に大きな、巨大な
commonly,一般に、通常、ふつうに
agreeable,快適な、心地良い
evident,明らかな
prsuasive,説得力のある
securely,しっかりと、安全にlumber材木、製材
noted,有名な
unpredictable,予測できない、法外な
conscious,意識している、自覚している
timeline,予定表
demanding,要求の厳しい
simultaneous,同時に起こる
tidy,きちんとした、整頓された
diverse,多種多様な、たくさんの種類の
outdated,時代遅れの
pilot,試験的な
beneficial,有益な
essential,最も重要な、必要不可欠な、本質的な
aggressive,攻撃的な、積極的な
majority,大多数、大部分
adjacent,に隣接した
joint,合併の、共同の
prestigious,権威のある、誉れ高い
liable,責任を負った
vast,非常に大きな、莫大な
investigate,調査する
subtle,気付きづらい、見つけにくい
inactive,怠惰な、活動していない
neighboring,近隣の
situated,位置している
inevitable,避けられない
picturesque,絵のように美しい
superb,素晴らしい
considerably,かなりadhere忠実である、実行する、接着する
fragile壊れやすい,managerial
minimal,最小の
inclement,荒れ模様の、厳しい
eliminate,取り除く、排除する
municipal,地方自治体の
legible,判読できる
exhausted,疲れ切った
preliminary,仮の、暫定の、本番前の
thrilled,とてもわくわくして、大喜びした
external,外の、外面の
allowable,許される、許容できる／手当、許容量
sophisticated,洗練された、高性能の
revolutionary,革命的な
informative,有益な
compulsory,義務的な
vacant,空の、空いた、欠員の
designated,指定された
horizontal,水平の
entertaining,おもしろい、愉快な
ordinary,普通の、通常の
permissible,許容される、容認できる
identical,同一の
tentative,暫定的な
fame,名声
profound,深遠な
unanimous,満場一致の
ceremonial,儀式上の、形式的な
modest,少しの、高価ではない、謙虚な
notable,注目すべき、有名な
authentic,本物の
genuine,本物の
remote,人里離れた、可能性が低い
premier,最高の、トップの
embarrassing,恥ずかしい
dental,歯科の
reveal,明らかにする
utmost,最大限の、これ以上ない
certified,有資格の、公認の
competent,有能な
crucial,非常に重要な
vertical,垂直な
automated,オートメーション化された
variable,変えられる
distinguished,際立って優れた、傑出した
shorthanded,人手が不足して
wasteful,無駄の多い
inferior,劣っている
disturb,邪魔する、悩ませる
suited,適任である
hourly,1時間単位の
arbitrary,恣意的な、任意の
objective,目的、目標
unfavorable,否定的な
endangered,絶滅の危機に瀕した
delicate,細心の注意を要する、デリケートな
steadily,着実に
preferable,望ましい
negotiable,交渉可能な
apparent,明らかな、明白な
adequate,（要求を満たすのに）十分な、適切な
on-site,社内の、現場の
adverse,良くない、不利な、逆の
ancient,古代の、大昔の
beforehand,あらかじめ、事前に
conservative,保守的な
concise,簡潔な
steep,大幅な、急な
endeavor,努力、試み／努力する
continuous,連続の
suspicious,不審な
vital,重要な、不可欠な
reluctant,気が進まない
conventional,従来型の、型にはまった
detailed,詳細な
inspiring,やる気が出るような、活気づける
remarkable,驚くべき、注目すべき
regrettable,残念な
countless,数え切れないほどの、無数の
mutual,共通した、相互の
adapt,適応する、適応させる、改作する
intensive,集中的な
unforeseen,想定外の
enthusiastically,熱心に
ambitious,意欲的な、野心的な
rather,よりむしろ
in conjunction with,と関連して
barely,かろうじて、やっと
strikingly,著しく
aboard,船に乗って
voluntarily,自発的に、自主的に
independently,単独で、独立して
in writing,書面で
thus,このようにして、したがって
premium,保険料
tutorial,指導書、個別指導
discard,捨てる
overwhelmingly,圧倒的に
novice,初心者
anecdote,逸話
fertilizer,肥料
proofread,校正する
incorporate,取り入れる、組み込む
surplus,余分な／余り
aspiring,志望の、になろうとする
assorted,詰め合わせの
interoffice,社内の、オフィス間の
mutually,互いに、相互に
periodically,定期的に
obstruct,（通路や視界を）ふさぐ、さえぎる
fierce,熾烈な、荒々しい
solely,唯一、一人で、単独で
devise,考案する、立案する
foster,促進する、養う
insight,洞察、洞察力
hypothesis,仮説
predecessor,前任者、前機種
adoption,採用
heritage,伝統、遺産
accelerate,加速させる、拍車をかける
outage,停止
condiment,調味料
appraisal,査定、評価
detour,迂回路
distraction,気を散らすもの、注意の妨げになるもの
newlywed,新婚者
association,協会
deduct,控除する
delegation,代表団、委譲
synthetic,合成の
proceeds,収益
query,質問、疑念
patiently,根気よく、我慢強く
resumption,再開、回復
ratio,比率
turnover,離職率
qualification,資格
dietary,食事の
objection,反対
persuasive,説得力のある
masterpiece,名作
outing,外出、ピクニック
vessel,船
respondent,回答者
quota,販売ノルマ
conjecture,推測、憶測
subsidy,補助金、助成金
innovation,革新
sequence,連続、順番
affiliation,提携
keynote,基調となる
lasting,耐久性のある、長続きする
feasible,実現可能な
insightful,洞察的な
duplicate,複製の、二重の
provisional,仮の、暫定的な
preparatory,予備的な
ethical,論理的な
consistant,一致した、一貫性のある
nutritious,栄養豊かな
hazardous,危険な
devoted,献身的な
sensitive,機密の
lucrative,儲かる、利益の上がる
nominal,僅かな
interpersonal,対人の、人と人との間の
widespread,普及した、広く行き渡った
misleading,誤解を招く
inaugural,就任の、最初の
affluent,裕福な
high-profile,人目を引く
versatile,多才な
up-to-date,最新の
intact,損傷のない
congested,混雑した
conditional,条件とする
fluorescent,蛍光色の
flawless,欠点のない
prosperous,繁栄している、裕福な
hostile,敵対的な
poised,態勢が整った
ambiguous,あいまいな
conclusive,決定的な
probationary,試用期間中の
successive,連続する
serial,連続する
repetitive,反復的な
transparent,透明な
applicable,適用される、あてはまる
skilled,熟達した
sleek,流線型の
stranded,立ち往生した
classified,分類された
sturdy,頑丈な、丈夫な
labor,（肉体的な）労働
explain,説明する
experiment,実験、試み／実験する
find out,発見する、気がつく
payment,支払い
relatively,相対的に、比較的
recognize,認める、見分ける、認識する
individual,個人の、個別の／個人
contribute,貢献する、寄付する
budget,予算／予算に計上する
allow,許す、可能にする
demonstrate,実演する、明示する
exchange,交換する、両替する
application,応募書類、応募、申請
survey,調査／を調査する
obey,従う
reward,報いる、ほうびを与える／報酬、ほうび
prefer,の方を好む
contract,契約、契約書
agency,代理店、取扱店、機関
double,2倍になる、倍増する
release,発表する、発売する
management,経営（陣）、管理
financial,金銭上の、財政の、お金の
relax,ゆるめる、和らげる
profitable,もうかる、利益になる
hire,を雇う、賃借りする
performance,業績、仕事ぶり、性能、公演
charge,を請求する、を充電する／料金、責任
graduate,卒業する
reschedule,予定を変更する
postpone,延期する
pleased,喜んで、満足して
argue,議論する、口論する
lead,を導く
document,記録する、文書を提供する／文書
confirm,確認する
illustrate,説明する、図解する
recommend,推薦する
award,賞／授与する
examine,詳しく調べる、吟味する
propose,提案する、申し出る
clothing,衣類
pick up,を車で拾う、迎えに行く、受け取る
carry,扱う、運ぶ、所有する
display,展示／展示する
conduct,を行う、導く、実行する、実施する
represent,代表する
candidate,候補者
exclude,を除く、排除する
possess,所有する
exhibit,展示物、展示会／展示する
invest,投資する、注ぎ込む
overlook,見逃す
session,時間、集まり
purchase,購入する／購入品
transform,変える、変容させる
note,注意する、述べる／メモ
ship,出荷する、発送する
dispute,異議を唱える
process,処理する／プロセス、過程、処理
simulate,まねる、模倣する
apply,応募する、応用する
instruction,説明書、説明、指示
report,報告する、直属する
membership,会員、会員資格、会員数
based,拠点のある、基づく
advance,先行した、事前の／進歩、前進
committee,委員会
successful,成功した、うまく行く
excellent,素晴らしい
industry,産業、業界
fee,料金
accept,受け入れる、受け付ける
upcoming,今度の
latest,最新の
submit,提出する
transportation,輸送手段
résumé,履歴書
executive,重役、取締役／重役（用）の、高級な
previous,前の、以前の
proposal,提案、提案書
supply,必需品／供給する
enclose,同封する、囲む
policy,規定、方針
register,登録する／レジ
arrange,手配する、並べる
bill,請求書、紙幣／請求書を送る
approve,承認する、賛成する
opportunity,機会、チャンス
deadline,締め切り、期限
corporate,企業の、法人の
warranty,保証、保証書
necessary,必要な
reserve,予約する、確保する／蓄え
resident,住民、住人
create,創造する、作り出す
mention,述べる、言及する／言及
appreciate,感謝する、高く評価する
replacement,交換、交換品、後任
significant,かなりの、大幅な、重要な
employer,雇用主
valuable,貴重な
profitability,利益率、利益性
publication,出版物
customer,顧客、客
stock,株式、在庫（品）／（物）を蓄える
information,情報、インフォメーション
downtown,中心街の／中心街に［で］／中心街
treat,を取り扱う、処理する
graduation,卒業（式）
emphasize,を強調する
corporation,法人
regarding,に関して
article,記事、（契約書など）の条項、品物
renovate,改装する、修理する
prevent,防ぐ、阻む
contain,含む、所有する
considerable,（量や程度が）かなりの
sign up for,申し込む
reduction,減少、削減
delay,遅らせる、延期する
remain,残る、そのままでいる
fix,を修理する、を固定する
negotiate,交渉する、協議する
solve,を解く、解決する
pass out,配る
consecutive,連続した
print,活字体で書く
authorize,公認する、権限を与える
counsel,助言する、相談する
reflect,映し出す、反射する
achievement,成果、業績
advise,助言する、意見する、忠告する
damage,損害／に損害を与える
adjust,調整する
appliance,電化製品
improve,改善する
estimate,見積もり／を見積もる
prove,わかる、証明する
rank,位置する
feedback,フィードバック、反応
datermine,決定する、決意する
analysis,分析
hesitate,ためらう、躊躇する
selection,選ぶこと、選択
vote,投票する、票決する
ladder,はしご
object,反対する、異議を唱える
retire,退職する、引退する
status,状況、地位
fuel,燃料
nearly,ほとんど、もう少しで
cafeteria,社員食堂
determine,決定する、判断する、決心する
crew,乗務員、乗組員
raise,を引き上げる、を持ち上げる
finally,ついに、最終的に
because of ,のせいで、のおかげで
important,重要な、重大な
suitable,適した、ふさわしい
qualified,資格条件を満たした
coordinate,（複数の人や物）をまとめる、調整する
medical,医療の
boost,を強化する、増加させる
gain,を得る、獲得する／利益、得ること
constructive,建設的な、前向きな
resolve,解決する
reason,理由、動機
export,輸出／を輸出する
attempt,試み／を試みる
alternative,代わりの／代案、選択肢
consumer,消費者
implication,影響、暗示、言葉の意味合い
inovolve,を伴う、（人）を巻き込む
grant,（権利など）を与える／助成金
tip,アドバイス、秘訣
operation,操作、運転、事業
figure,数字、人物
enthusiasm,熱中、熱狂
imply,ほのめかす、暗示する
general,全般的な、一般的な
settle,解決する
correspondence,（文書などの）やりとり、通信
point out,指摘する
possibility,可能性
convince,確信させる、納得させる
inspect,検査する、点検する
discussion,議論、話し合い
adopt,採用する、導入する
retailer,小売業者
book,予約する
satisfaction,満足
bring up,持ち出す、提起する、育てる
summary,あらすじ、要約
hang,掛かる
intend,意図する
role,（人の）役割
match,調和する、似合う
pharmaceutical,製薬の、調剤の
post,提示する、投稿する
comfortably,快適に、楽に
trust,信用／を信用する
decline,断る、下降する
complete,完了する、記入する
term,（契約の）条件、期間
obtain,取得する、得る
permission,許可、承諾
afford,する余裕がある
check,（を）確認する、チェックする
proceed,進む、続行する
indispensable,必須の、絶対必要な
achieve,達成する
sign up,に登録する、契約する
respectively,それぞれ、各々
wave,手を振る
unit,1個、単位
stress,強調する
arrangement,手配、準備
glance,チラッと見る
enhance,向上させる、強化する
evaluate,評価する
widen,広げる
promote,昇進させる、宣伝する
discover,発見する
consist,から成る、で構成される
reach,連絡をとる
combine,組み合わせる、結合する
foresee,予見する、予測する
divide,分割する
admire,賞賛する、感心する
attach,添付する、取り付ける
approach,近づく
hold,開催する
hand out,配る
expose,さらす、触れさせる
plug,差し込む、接続する
hang up,電話を切る
sew,縫う
finalize,仕上げる、最終的に承認する
praise,ほめる、賞賛する
lean,寄りかかる、立て掛ける
project,見積もる、計画する
exceed,超える
run out,が不足する、尽きる
store,保存する、蓄える、しまっておく
identify,特定する、気づく
deserve,値する
assure,保証する、確信させる
appoint,任命する、指名する
advertise,宣伝する
try on,試着する
public,一般の人々、公衆
checkout,レジ、チェックアウト
entry,入場、参加
progress,前進、進行
issue,課題、論争点
produce,農産物、物産
balance,残金、バランス
relief,安らぎ、緩和、除去
vase,花瓶
patio,テラス、中庭
line,ライン、線
sign,表れ、徴候
period,期間
capacity,能力、収容力
celebration,お祝い、祝典
flyer,チラシ、広告
cooperation,協力、協業
study,研究、調査
effect,効果
cutlery,食器
expense,費用、経費
overseas,海外の／海外で
satisfied,満足した
resonable,（値段が）手ごろな、妥当な
unable,（することが）できない
legal,法律に関する、合法の
regulation,規制、規則
launch,開始、発売／開始する、発売する
recommendation,推薦
claim,申し立て、主張、所有権／主張する
insurance,保険
departure,出発、逸脱
mayor,町長、市長
district,地区
former,前の、かつての／前者
modern,現代的な、近代的な
option,選択肢、オプション
search,捜索、検索／探す、検索する
specific,具体的な、特定の
agricultural,農業の
historical,歴史（上）の
helpful,役立つ、助けになる
complaint,苦情、クレーム
related,関連した
simply,単純に、単に
unique,他にはない、独自の、特有の
concerning,に関する
reputation,評判
component,部品
enjoyable,楽しい
existing,従来の、既存の
alike,同様に／よく似た
connection,接続、つながり、関連、乗り継ぎ
eager,したがる、熱望する
fairly,かなり
absolutely,完全に、間違いなく、まったく
atmosphere,雰囲気
calculate,計算する
contrast,対照、はっきりした違い／対照的である
monitor,監視する／（コンピュータの）モニター
occasionally,時々
serious,重大な、真剣な、重要な
strength,強さ、強度、（液体等の）重さ
equally,同じように、均等に
informal,非公式の、カジュアルな
renowned,名高い、著名な
depend on ,次第である、に頼る
sudden,急な、突然の
look forward to ,を楽しみにする
request,依頼／を依頼する
access,にアクセスする／アクセス
typical,典型的な
security,安全、無事
exception,例外
acceptable,許容の、受け入れることのできる
in advance,事前に
own,を所有する／自分の
worldwide,世界的な／世界中で
economical,経済的な、節約の
case,状況、場合
favorite,お気に入りの、大好きな
staff,スタッフ
judge,判断する、裁く、評価する／裁判官
market,市場／を市場で売る
rise,増える、上昇する
concern,心配事、懸念事項
salary,給料
in the event of ,万一の場合には
weigh,の重さを量る、の重さがある
development,開発、発達、発展
quite,かなり、すっかり
strict,（人や規制が）厳しい
contemporary,現代の、同時代の
complimentary,無料の、称賛する
defeat,（敵）を負かす／敗北、負け
establishment,設立（制定）すること、組織
similar,類似した
extra,余分の、特別の、追加の
clerical,事務の、書記の
substance,物質、実体
discount,割引／を無視する
shipment,（商品の）発送、船積み
occupation,職業
chemical,薬品、化学物質
media,媒体、マスメディア
campaign,キャンペーン
colleague,同僚
influence,影響、作用
trend,動向、トレンド
diner,食事客
microscope,顕微鏡
stool,（背もたれのない）いす
fellow,仲間
party,グループ、当事者
bureau,案内所、事務局
leave,休暇、許可
series,連続、シリーズ
behavior,振る舞い、行動
instrument,楽器、道具、器具
concentration,集中
wealth,豊富さ、富
cashier,レジ
spectator,観客
supervisor,上司、監督者
draft,原稿、下書き
forecast,予測、予報
comfort,快適さ、満足、慰め
division,部門、分割、課
task,仕事、課題
excuse,弁解、口実
difficulty,困難、問題点
drawing,抽選会、素描
presence,存在感、出席
economy,経済、節約
shelter,避難所、収容施設
workplace,職場
professor,教授
memorandum,社内文書、覚え書き
clerk,事務員、受付係
plant,工場
cancellation,取り消し、キャンセル
lawn,芝生
traffic,交通、通行
work,作品、仕事
amount,量
pedestrian,歩行者
scale,規模、目盛り
shortage,不足
venue,会場、開催地
suburb,郊外
distinctive,独自の、特色となる
persuasion,説得、説得力
acceptance,受諾、受け入れ、採用、合格
ensure,保証する、請け合う
discretion,裁量の自由、分別
urgent,緊急の
analyst,アナリスト、専門の分析者
sponsor,のスポンサーをする／スポンサー
service,業務、サービス、奉仕
manager,マネージャー、経営者
variety,多様性
share,をシェアする、共有する
consultant,コンサルタント、顧問
critical,批判的な、危機的な、重大な
fluent,流暢な、堪能な
deal,取引／扱う、を取引する
state-of-the-art,最先端の、最新の
carefully,慎重に
contrary,正反対の
package,（梱包した）荷物
disposal,（不要物の）処理、処分
urge,強く促す
transport,を輸送する
direction,方向、指示（書）
interruption,中断、（物事を）遮ること
due to ,のせいで、のおかげで
ability,能力、才能
base,の本拠地を置く／土台
attire,衣装、服装
head,進む、を率いる
whether,かどうか
relative,相対的な、関係のある／親戚
both A and B,AもBもどちらも
anticipate,を予期する、期待する
value,価値／（物の価値）を評価する
undergo,経験する
excerpt,抜粋、引用
dentist,歯科医
handling,取り扱い、出荷作業
column,柱、コラム
retail,小売り、販売
invoice,請求書、送り状
reminder,再確認、お知らせ
record,記録
clearance,在庫一掃、清算、許可
curb,縁石
receptionist,受付係
pesticide,殺虫剤
lean over ,に身を乗り出す
element,（を構成する）要素、成分
library,図書館、蔵書、コレクション
unload,（荷物など）を降ろす
minimize,を最小限にする
failure,失敗、故障
multiple,複数の
optimistic,楽観的な
revenue,収支、歳入
recent,最近の
suppose,（を真実だと）思う
plumbing,配管（工事）
comprehensive,総合的な、包括的な、理解力のある
purpose,目的、目標
actual,実際の、現実の
employment,雇用
upset,動揺した／を動揺させる
advantage,有利、利点、強み
product,製品、生産物
theme,テーマ、論題
summarize,要約する
slight,ほんのわずかの
enroll,登録する、入会する、入学する
routine,所定の、日常的に行われる
oppointment,会う約束、アポイントメント
mortgage,抵当／を抵当に入れる
outstanding,傑出した、未払いの
certain,特定の、確かで
solid,固い、堅実な、まじめな
deserted,人の気配がない、さびれた
current,現在の
culinary,料理の
dominant,支配的な、圧倒的な、主要な
viable,実行可能な
attractive,魅力的な
determined,断固とした、決定した
principal,主な、第一の
mobile,移動式の
round-trip,往復旅行の
tight,きつい、ぎっしり詰まった
nearby,近くの
respectful,礼儀正しい、丁寧な
another,もう一つの、別の
abroad,海外で、国外へ
greatly,大いに、非常に
on average,平均して
accordingly,したがって、それに応じて
promptly,すばやく、きっかりに、即座に
consistently,常に、変わらず
otherwise,さもなければ
proudly,誇らしげに、堂々と
formally,正式に、フォーマルに
heavily,大量に、非常に頻繁に、重く
surprisingly,驚いたことに、意外に
rapidly,急速に
side by side,横に並んで
exactly,ちょうど、正確に
meanwhile,その間に、それまでは
kindly,親切に、どうぞ～してください
in the meantime,その間に、話変わって
definitely,絶対に、間違いなく
firmly,固く、確固として
gradually,徐々に、段階的に
eventually,最終的には、結局
hardly,ほとんどない
in a row,連続して
seldom,めったにしない
evenly,平らに、均一に
in common,共通に、共同に
readily,簡単に、すぐに
therefore,したがって、ゆえに
nevertheless,それにもかかわらず
lately,最近、この頃
in person,直接会って、じかに
necessarily,必ずしもでない、必然的に
sharply,急激に、鋭く
somewhat,いくぶん、ある程度
moreover,そのうえ、しかも
widely,広く
altogether,合計して、全部で
increasingly,ますます
including,含めて
besides,さらに
via,経由で
in charge of,を担当している、の責任がある
throughout,くまなく
inquiry,問い合わせ
vision,見通し、先見
knowledge,知識
be absent from ,を欠席する
borrow,を借りる
ban,を禁止する／禁止
sum,を合計する／合計
souvenir,お土産、記念品
either A or B,AかBかどちらか
distant,遠い、離れた、距離がある
abolish,（法律や制度など）を廃止する
surely,必ず、確かに
steady,着実な
competitor,競争相手
insist,を主張する、しつこく要求する
press,報道陣／に圧力をかける
previously,以前は
submission,提出物、提出、投稿
requirement,必要条件、必要なもの
enormous,莫大な、巨大な
consent,同意する、承諾する／同意、承諾
compromise,妥協、譲歩／妥協する、譲歩する
tool,道具
equality,平等、等しいこと
to some degree,ある程度まで
extensive,幅広い、大規模な
citizen,国民、市民
approval,承諾、承認
deprive A of B,AからBを奪う
unveil,を公表する、明らかにする
diligent,勤勉な
inspire,を引き起こす、にひらめきを与える
neither A nor B,AでもBでもない
courteous,丁寧な、礼儀正しい
inspection,（綿密な）調査、視察
exhaust,を使い果たす、ひどく疲れさせる
stockholder,株主
extreme,極度の、極端な
ignore,を無視する
instead,代わりに
unless,しない限り、の場合を除き
train,を教育する、訓練する／電車
willingly,喜んで、進んで
pay attention to ,に注目する、注意する
originate,起源とする
accountant,会計士
profession,専門的職業
encounter,直面する、遭う、出くわす
personalize,自分流にする
overcome,乗り越える、克服する
eligible,資格がある
alternate,行き戻りする、交替する
suspend,一時中断する
generate,生み出す
paperwork,書類、書類作業
restore,復旧させる、取り戻す
initiate,開始する
disregard,無視する
track,追跡する／線路、走路
interact,交流する
substitute,代替する
administer,管理する
administrative,管理の
publicize,宣伝する
tailor,仕立屋、テーラー
coverage,報道、（保険の）補償
flaw,欠陥、欠点
prescription,処方箋
poll,世論調査、投票
refreshment,軽い飲食物
witness,目撃者
timepiece,時計
invantory,在庫、在庫品、棚卸
reliable,信頼できる、頼りになる
remedy,改善策、治療薬
commerce,商業
pillar,柱、大黒柱
carrier,運輸業者
identification,身分証明
collaboration,協力、共同制作
physician,医者
conservation,保護、保存
voucher,引換券、割引券
carpenter,大工
textile,織物
mechanic,機械工
legislation,法律、法律制定
measurement,寸法、測定
fund-raising,資金調達のための、慈善の
accomplished,熟達した、スキルの高い
critic,評論家、批評家
highlight,強調する、スポットを当てる／見どころ
cleaner’s,クリーニング屋
profile,人物紹介する／プロフィール
precision,正確さ
archive,公文書保管所、書庫
utensil,台所用品
subscription,定期購読
counterpart,相当する人（物）
incident,偶然の出来事
stapler,ホチキス
surrounding,周辺の
conclusion,結論
outcome,結果
perspective,視点
anticipated,待ち望まれた
assessment,評価、見積もり
aircraft,航空機
advocate,提唱者、支持者／提唱する
dairy,乳製品、酪農場、酪農業／牛乳の、乳製品の
librarian,図書館員
principle,原理、原則
trademark,商標
phase,段階
limitation,弱点
custodian,管理人、守衛
transit,輸送、通過
manuscript,原稿
landmark,ランドマーク、目印、名所
logistics,物流
correspondent,特派員、通信員
overtime,残業／時間外に
pension,年金
obstacle,障害
consequence,結果
premises,敷地
emphasis,強調、重点
athlete,スポーツ選手
utility,公共料金、公共サービス
attorney,弁護士
transition,移行、転身
reorganization,組織再編
laundry,洗濯（物）
justification,正当化の理由、正当化
fixture,設備、備品
suegery,手術
enthusiastic,熱心な、関心が高い、乗り気である
harvest,収穫
compartment,一区画
means,手段
outline,概要を説明する／概要
shareholder,株主
patient,患者
belongings,所持品、所有物
bid,入札／入札する
excursion,お出かけ、小旅行
territory,担当地区、領地
statue,像、彫像
contractor,請負業者、契約業者
manner,方法、やり方
urban,都会の、都市の、都会での
outlook,見通し、モノの見方
commitment,約束、献身
overview,概要
tuition,授業料
latter,後者
ownership,所有（権）、所有者であること
sentiment,意見、感想
outlet,店舗、コンセント
handful,少数、少量
pastry,焼き菓子
plumber,配管工
on behalf of,を代表して
listing,一覧
characteristic,特徴／特徴的な
sector,部門、分野
interval,間隔
extent,大きさ、範囲、程度
combined,共同の、連合の
duration,継続期間
furnishings,家具、備品、調度品
gathering,集会、集まり
associate,関連付ける／同僚、アシスタント／アシスタントの
florist,花屋
technician,技師
quote,提示価格、引用
investment,投資
dependence,依存
lodging,宿泊所
consideration,検討、考慮、配慮
token,印
stain,染み、汚れ
persistence,粘り強さ
remainder,残り、残存物
partial,部分的な、一部の
patronage,愛顧、後援
jouenal,専門誌
alliance,事業提携、提携関係
dealership,販売特約店
array,大量、多数
constraint,制約
structure,骨組み
garment,衣料品、衣服
displeasure,不愉快、不満
indicator,指標
veterinarian,獣医
typically,通常、典型的に
entirety,全体、全部
restriction,制限
portfolio,作品集
craftspeople,職人
incentive,報酬、刺激
recreation,休養、娯楽
comparable,同等の、匹敵する、類似の
terms,観点、条件、言葉
subordinate,部下
publicity,周知、注目
initiative,新しい計画、主導権
residence,住居
rainfall,降雨、雨量
debut,デビュー
postage,郵便料金
morale,士気
acquaintance,知人、知識
to date,今まで
moderate,ほどほどの、適度な
exceptionally,並外れて、非常に
repeatedly,繰り返し
after all,結局
precisely,正確に
prominently,目立って、傑出して
reportedly,伝えられるところでは
on commission,歩合制で
concentrated,集中的な、濃縮された
on track,軌道に乗って
informally,くだけて、非公式に
intentionally,意図的に
ample,十分な、あり余るほどの
roughly,おおよそ
swiftly,すばやく、迅速に
consequently,結果として
given,を考慮すると、と仮定すると
courtesy of,の好意により
whereas,の一方で
controversial,議論を引き起こす、議論の的になる
instrumental,重要な役割を果たす
scope,範囲、余地
speculation,推測、推量
supplement,補う／付録、付記、栄養補助食品
understaffed,人手不足の
rarely,めったにしない、まれに
logical,妥当な、論理的な、筋の通った
commemorate,祝う、記念する
voluntary,自主的な、任意の
deprive,奪う
dismiss,解雇する
rafting,（いかだやゴムボートでの）川下り
consolidate,統合する
fabric,生地、織物
syndicate,複数の新聞に同時に配給する
revert,戻る
showcase,披露する／お披露目の場、ショーケース
oversee,監督する
freight,貨物、輸送、輸送料／輸送する
accommodate,満たす、合わせる
endorse,支持する
discontinued,（製造・販売が）終了した
pertain,該当する
mentoring,メンター制度
spill,こぼす、こぼれる
carry out,行う、実行する
personalized,個人に合わせた、名前入りの
diversify,多様化する
compliance,（法律・規則等の）順守
deplete,使い果たす
durable,耐久性がある、丈夫な
speculate,予測する
prototype,試作品、原型
recount,詳しく話す
管理職の、経営上のintervene,介在する、口をはさむ
delete,削除する
solicit,求める
comprehend,理解する
emerging,新たに現れた、新興の
verify,実証する
proficiency,熟達、スキルの高さ、高い能力
disclose,明らかにする
embark on,着手する、乗り出す
scenic,眺めがいい、景色の
scatter,まきちらす
acclaimed,絶賛されている、評価された
concede,譲歩する
delegare,委譲する、委任する
resistant,耐えられる、抵抗力のある
disseminate,普及させる
nationwide,全国的な／全国的に
file,提出する
applaud,拍手する
datergent,洗剤
resemble,似ている
hands-on,実地の、実用的な
emerge,現れる
plummet,急落する
spectacular,壮観な、目を見張るほどの
conform,従う、一致する
entrepreneur,起業家
streamline,合理化する、簡略化する
break down,故障する
introductory,入門の、最初の、お試しの
dilute,薄める
screening,上映、検査
rectify,是正する
put through,電話をつなぐ
lengthy,長期にわたる、冗長な
retrieve,取り出す、取り戻す
misplace,紛失する、置き忘れる
reminisce,懐かしむ
coincide,同時に起こる
subsidiary,子会社
procrastinate,先延ばしにする
disruption,混乱、妨げ
incur,（損失や罰金等を）受ける
subside,弱まる
ongoing,進行中の、続いている
comply,従う
periodical,定期刊行物
portray,描写する、表現する
pull into,車を寄せる
reunion,同窓会、再会
facilitate,容易にする、促進する
rigorous,厳格な、厳密な
diagnose,診断する
exercise,使う、発揮する
embrace,積極的に受け入れる、快諾する
terminate,終わらせる
itemize,箇条書きにする
outweigh,上回る
waive,免除する、放棄する
shorten,短くする
occupancy,占有、占有人数
controversy,論争
coincidence,偶然
credentials,資格、経歴、資質
oversight,見落とし、手落ち、監視
drapery,カーテン
resolution,決議、解決策
turnaround,立て直し、好転、処理時間
clasp,留め具、金具
pavement,舗装道路
scrutiny,綿密な調査、凝視
excess,超過
concession,譲歩
amendment,改正、修正
apprentice,見習い、実習生
capability,能力
liaison,連絡係、調整
depression,不景気
intermission,休憩時間
retention,保持
amenity,娯楽、生活を便利にするもの
exclusion,除外
superintendent,監督、管理者
roster,当番表
malfunction,不調、故障
momentum,勢い
lapse,時間の経過／失効する、うっかりミスをする
tenure,在任期間
turnout,参加者数
bond,債権、公債、きずな
remuneration,報酬
observance,行事、順序
accrued,未収の
commensurate,釣り合った、比例した、見合った
pointless,無意味な
anonymous,匿名の
stringent,厳しい
integral,重要な
admirable,称賛に値する
mandatory,義務の、強制の
cozy,居心地のよい
exempt,免除された
internal,内部の
obligatory,義務的な
supplementary,付加的な
obsolete,古式の
prohibitive,高額な、法外な
sluggish,停滞した、不景気な、のろい
stagnant,停滞気味の
insufficient,不十分な
negligent,無頓着な
exclusive,限定の、独占的な
resounding,際だった
correspondingly,それに応じて
tentatively,仮に、試験的に
rightfully,正しく、正当に
emphatically,断固として、きっぱりと
customarily,習慣的に
thereby,それにより
incidentally,たまたま、ついでに言えば
comparatively,比較的
inadvertently,不注意に、うっかり
eloquently,雄弁に
contractually,契約により
literally,文字通り
thoroughly,徹底的に
in keeping with,に沿って、準拠して
in accordance with,に従って、と一致させて
amid,に囲まれて
in light of,を考慮すると
pending,を待つ間、まで
thoughtfully,深く考えて、思慮深く、配慮して
abridged,要約された、短縮された
carpool,相乗りする／相乗り
compatible,相性が良い、互換性がある、共存できる
explicit,明白な、明確な
keenly,痛烈に、鋭く
plaque,盾
centerpiece,中心に置かれる装備品、中心になるもの
privileged,光栄な
recur,再発する
skeptical,懐疑的な、疑い深い
artifact,（歴史的・文化的価値のある）工芸品、手工品
breathtaking,息をのむほどの、驚くべき
cubicle,個別の作業スペース
perishable,傷みやすい、腐りやすい
avid,熱心な、熱烈な
expedite,早める、促進させる
vicinity,近所、近辺
affiliated,提携した、関連のある
definitive,決定版の、最終的な
demolish,（建物を）解体する、取り壊す
installment,分割払いの1回分
redeemable,（現金や商品と）交換可能な
insulation,（音、熱、電気等を）防ぐこと
deteriorate,悪化する
bearer,（小切手やクーポン等の）持参人
unprecedented,前例のない
botanical,植物の、植物学の
deliberation,熟考
discreetly,分別を持って、思慮深く
entail,必要とする、を伴う
fluctuation,変動
foremost,最高の、トップの
imperative,急を要する、非常に重要な
meticulously,細心の注意を払って、きちょう面に
outreach,福祉活動、支援活動
alleviate,和らげる、軽減する
exemplary,模範的な
gala,祝祭、祭り
mural,壁面
proprietor,オーナー、所有者
testimonial,推薦文、推薦の声
fraud,詐欺
vigorous,活気のある、精力的な
retreat,研修旅行
forge,築く、構築する
impending,間近に迫った、差し迫った
objectionable,不快な、気に障る
repave,再舗装する
shortcoming,欠点、短所
memorabilia,記念品、思い出の品
jeopardy,危機、危険
deviate,それる
forfeit,没収される、剥奪される／罰金、犠牲
bolster,強化する、補強する、鼓舞する
optimal,ベストの、最適な
purveyor,供給業者、販売業者
raffle,福引
ventilation,換気、風通し
unwavering,ゆるがぬ、断固とした
exponentially,加速度的に、指数関数的に
ler. ,読む。
anyway ,とにかく
following ,次
available ,利用 可能
department ,部署
conference ,会議
according to ,聞いたところでは
equipment ,機器
ler. ,読む。
anyway ,とにかく
following ,次
available ,利用 可能
department ,部署
conference ,会議
according to ,聞いたところでは
equipment ,機器
ler. ,読む。
anyway ,とにかく
following ,次
available ,利用 可能
department ,部署
conference ,会議
according to ,聞いたところでは
equipment ,機器
ler. ,読む。
anyway ,とにかく
following ,次
available ,利用 可能
department ,部署
conference ,会議
according to ,聞いたところでは
equipment ,機器
